IBT,stimulus_number
932.4000000000002,41
888.0000000000001,41
876.9000000000001,41
965.7000000000002,41
954.6000000000003,41
932.4000000000002,41
954.6000000000003,41
965.7000000000002,41
932.4000000000002,41
932.4000000000002,41
954.6000000000003,41
943.5000000000002,41
954.6000000000003,43
954.6000000000003,43
976.8000000000001,43
954.6000000000003,43
965.7000000000002,47
954.6000000000003,47
932.4000000000002,49
921.3000000000002,49
921.3000000000002,49
921.3000000000002,49
932.4000000000002,49
965.7000000000002,49
943.5000000000002,49
965.7000000000002,49
999.0000000000001,49
1021.2,49
999.0000000000001,49
1043.4,49
1043.4,49
976.8000000000001,49
987.9000000000001,49
965.7000000000002,49
943.5000000000002,49
899.1,51
888.0000000000001,53
921.3000000000002,53
954.6000000000003,53
976.8000000000001,53
965.7000000000002,53
999.0000000000001,55
1010.1000000000001,55
987.9000000000001,55
976.8000000000001,55
987.9000000000001,55
987.9000000000001,55
954.6000000000003,55
954.6000000000003,55
954.6000000000003,55
954.6000000000003,55
932.4000000000002,55
943.5000000000002,55
943.5000000000002,55
932.4000000000002,55
954.6000000000003,57
965.7000000000002,57
954.6000000000003,57
932.4000000000002,59
965.7000000000002,59
965.7000000000002,59
965.7000000000002,59
965.7000000000002,59
976.8000000000001,59
943.5000000000002,59
987.9000000000001,59
932.4000000000002,59
976.8000000000001,59
987.9000000000001,59
1010.1000000000001,59
1010.1000000000001,59
1010.1000000000001,59
999.0000000000001,59
987.9000000000001,59
999.0000000000001,59
987.9000000000001,59
965.7000000000002,59
987.9000000000001,59
999.0000000000001,59
987.9000000000001,59
1021.2,59
987.9000000000001,59
1010.1000000000001,59
999.0000000000001,59
987.9000000000001,59
976.8000000000001,59
976.8000000000001,59
987.9000000000001,59
987.9000000000001,59
954.6000000000003,59
987.9000000000001,59
965.7000000000002,59
976.8000000000001,59
976.8000000000001,59
987.9000000000001,59
987.9000000000001,59
976.8000000000001,59
965.7000000000002,59
987.9000000000001,59
987.9000000000001,59
954.6000000000003,59
976.8000000000001,59
932.4000000000002,59
987.9000000000001,59
987.9000000000001,59
999.0000000000001,59
965.7000000000002,59
999.0000000000001,59
1010.1000000000001,59
999.0000000000001,59
965.7000000000002,59
987.9000000000001,59
965.7000000000002,59
965.7000000000002,59
954.6000000000003,59
976.8000000000001,59
987.9000000000001,59
1010.1000000000001,59
1010.1000000000001,59
1021.2,59
1043.4,59
1032.3000000000002,59
1021.2,59
999.0000000000001,59
1021.2,61
999.0000000000001,61
1010.1000000000001,61
987.9000000000001,61
987.9000000000001,61
965.7000000000002,61
976.8000000000001,61
954.6000000000003,61
1010.1000000000001,61
976.8000000000001,61
976.8000000000001,61
987.9000000000001,61
987.9000000000001,62
999.0000000000001,63
987.9000000000001,63
987.9000000000001,63
932.4000000000002,65
976.8000000000001,65
954.6000000000003,65
954.6000000000003,65
954.6000000000003,65
943.5000000000002,65
921.3000000000002,65
899.1,65
910.2000000000002,65
954.6000000000003,65
921.3000000000002,65
932.4000000000002,65
954.6000000000003,65
954.6000000000003,65
965.7000000000002,65
943.5000000000002,65
976.8000000000001,65
1021.2,65
999.0000000000001,65
999.0000000000001,65
1021.2,65
999.0000000000001,65
999.0000000000001,65
965.7000000000002,65
965.7000000000002,65
943.5000000000002,65
965.7000000000002,65
943.5000000000002,65
954.6000000000003,67
954.6000000000003,67
943.5000000000002,67
943.5000000000002,67
954.6000000000003,67
954.6000000000003,67
965.7000000000002,67
954.6000000000003,67
954.6000000000003,67
954.6000000000003,69
954.6000000000003,69
943.5000000000002,69
976.8000000000001,69
999.0000000000001,71
976.8000000000001,71
976.8000000000001,71
999.0000000000001,71
976.8000000000001,71
954.6000000000003,71
965.7000000000002,71
965.7000000000002,71
954.6000000000003,71
943.5000000000002,71
965.7000000000002,71
976.8000000000001,71
965.7000000000002,71
921.3000000000002,71
965.7000000000002,71
943.5000000000002,71
921.3000000000002,71
954.6000000000003,71
932.4000000000002,71
932.4000000000002,71
965.7000000000002,71
899.1,71
910.2000000000002,71
921.3000000000002,71
943.5000000000002,71
932.4000000000002,71
965.7000000000002,71
1032.3000000000002,71
1065.6000000000001,71
1054.5,71
1054.5,71
1043.4,71
1032.3000000000002,71
1021.2,71
1010.1000000000001,71
943.5000000000002,73
999.0000000000001,73
965.7000000000002,73
954.6000000000003,73
943.5000000000002,73
965.7000000000002,73
976.8000000000001,73
965.7000000000002,73
932.4000000000002,73
976.8000000000001,73
965.7000000000002,73
965.7000000000002,73
976.8000000000001,73
954.6000000000003,75
1010.1000000000001,75
976.8000000000001,75
976.8000000000001,76
987.9000000000001,77
954.6000000000003,77
987.9000000000001,77
987.9000000000001,77
965.7000000000002,77
987.9000000000001,77
965.7000000000002,77
965.7000000000002,77
976.8000000000001,77
921.3000000000002,77
921.3000000000002,77
888.0000000000001,77
888.0000000000001,77
888.0000000000001,77
921.3000000000002,77
888.0000000000001,77
888.0000000000001,77
921.3000000000002,77
932.4000000000002,77
965.7000000000002,77
954.6000000000003,77
987.9000000000001,77
987.9000000000001,77
976.8000000000001,77
965.7000000000002,78
976.8000000000001,79
976.8000000000001,79
965.7000000000002,79
954.6000000000003,79
976.8000000000001,79
987.9000000000001,79
954.6000000000003,79
954.6000000000003,79
965.7000000000002,79
965.7000000000002,79
943.5000000000002,81
976.8000000000001,81
976.8000000000001,81
932.4000000000002,83
932.4000000000002,83
965.7000000000002,83
954.6000000000003,83
921.3000000000002,83
965.7000000000002,83
999.0000000000001,83
1010.1000000000001,83
987.9000000000001,83
1043.4,83
954.6000000000003,83
954.6000000000003,83
954.6000000000003,83
965.7000000000002,83
943.5000000000002,83
943.5000000000002,83
954.6000000000003,83
965.7000000000002,83
987.9000000000001,83
965.7000000000002,83
987.9000000000001,83
999.0000000000001,83
976.8000000000001,83
965.7000000000002,83
976.8000000000001,83
954.6000000000003,83
954.6000000000003,83
965.7000000000002,83
910.2000000000002,83
932.4000000000002,83
943.5000000000002,83
987.9000000000001,83
976.8000000000001,83
976.8000000000001,83
1010.1000000000001,83
999.0000000000001,83
999.0000000000001,83
987.9000000000001,83
987.9000000000001,83
999.0000000000001,83
932.4000000000002,83
976.8000000000001,83
965.7000000000002,83
976.8000000000001,83
932.4000000000002,83
976.8000000000001,83
999.0000000000001,83
999.0000000000001,83
954.6000000000003,83
999.0000000000001,83
987.9000000000001,83
954.6000000000003,83
965.7000000000002,83
965.7000000000002,83
965.7000000000002,83
976.8000000000001,83
932.4000000000002,83
999.0000000000001,83
999.0000000000001,83
987.9000000000001,83
965.7000000000002,83
976.8000000000001,83
954.6000000000003,83
987.9000000000001,83
976.8000000000001,83
954.6000000000003,83
954.6000000000003,83
976.8000000000001,83
943.5000000000002,83
954.6000000000003,83
943.5000000000002,83
943.5000000000002,83
943.5000000000002,85
932.4000000000002,85
976.8000000000001,85
943.5000000000002,85
987.9000000000001,85
943.5000000000002,85
987.9000000000001,85
965.7000000000002,85
1010.1000000000001,85
1010.1000000000001,85
999.0000000000001,85
1010.1000000000001,87
1010.1000000000001,87
976.8000000000001,87
954.6000000000003,87
965.7000000000002,89
943.5000000000002,89
965.7000000000002,89
943.5000000000002,89
954.6000000000003,89
965.7000000000002,89
999.0000000000001,89
943.5000000000002,89
987.9000000000001,89
999.0000000000001,89
1010.1000000000001,89
987.9000000000001,89
987.9000000000001,89
1010.1000000000001,89
1021.2,89
1032.3000000000002,89
1010.1000000000001,89
1021.2,89
1032.3000000000002,89
1021.2,89
1010.1000000000001,89
1010.1000000000001,89
999.0000000000001,89
965.7000000000002,89
965.7000000000002,89
954.6000000000003,89
954.6000000000003,89
999.0000000000001,89
987.9000000000001,90
1010.1000000000001,91
999.0000000000001,91
1021.2,91
987.9000000000001,91
1021.2,91
1021.2,91
1032.3000000000002,91
1021.2,91
1021.2,91
1032.3000000000002,91
999.0000000000001,91
954.6000000000003,91
1010.1000000000001,93
976.8000000000001,93
965.7000000000002,93
965.7000000000002,93
965.7000000000002,95
954.6000000000003,95
921.3000000000002,95
899.1,95
921.3000000000002,95
932.4000000000002,95
954.6000000000003,95
943.5000000000002,95
954.6000000000003,95
976.8000000000001,95
987.9000000000001,95
987.9000000000001,95
976.8000000000001,95
987.9000000000001,95
987.9000000000001,95
987.9000000000001,95
976.8000000000001,95
999.0000000000001,95
999.0000000000001,95
1010.1000000000001,95
1010.1000000000001,95
1010.1000000000001,95
976.8000000000001,97
976.8000000000001,97
987.9000000000001,97
1010.1000000000001,97
999.0000000000001,97
1021.2,97
1010.1000000000001,97
987.9000000000001,97
999.0000000000001,97
987.9000000000001,97
999.0000000000001,97
1010.1000000000001,98
987.9000000000001,99
999.0000000000001,99
965.7000000000002,99
965.7000000000002,101
921.3000000000002,101
954.6000000000003,101
943.5000000000002,101
965.7000000000002,101
921.3000000000002,101
965.7000000000002,101
954.6000000000003,101
965.7000000000002,101
932.4000000000002,101
954.6000000000003,101
965.7000000000002,101
954.6000000000003,101
976.8000000000001,101
987.9000000000001,101
976.8000000000001,101
987.9000000000001,101
965.7000000000002,101
976.8000000000001,101
987.9000000000001,101
987.9000000000001,101
932.4000000000002,101
965.7000000000002,101
965.7000000000002,101
954.6000000000003,101
954.6000000000003,101
954.6000000000003,101
976.8000000000001,101
987.9000000000001,101
976.8000000000001,101
954.6000000000003,101
1010.1000000000001,101
976.8000000000001,101
1010.1000000000001,101
987.9000000000001,101
1010.1000000000001,103
976.8000000000001,103
1010.1000000000001,103
976.8000000000001,103
987.9000000000001,103
954.6000000000003,103
976.8000000000001,103
976.8000000000001,103
954.6000000000003,103
976.8000000000001,103
987.9000000000001,103
965.7000000000002,103
954.6000000000003,103
999.0000000000001,105
965.7000000000002,105
987.9000000000001,105
921.3000000000002,105
932.4000000000002,107
954.6000000000003,107
932.4000000000002,107
943.5000000000002,107
932.4000000000002,107
910.2000000000002,107
899.1,107
910.2000000000002,107
910.2000000000002,107
921.3000000000002,107
921.3000000000002,107
965.7000000000002,107
932.4000000000002,107
954.6000000000003,107
954.6000000000003,107
954.6000000000003,107
943.5000000000002,107
976.8000000000001,107
965.7000000000002,107
954.6000000000003,107
965.7000000000002,107
976.8000000000001,107
976.8000000000001,107
943.5000000000002,107
932.4000000000002,107
943.5000000000002,107
921.3000000000002,107
965.7000000000002,107
921.3000000000002,107
932.4000000000002,107
932.4000000000002,107
932.4000000000002,109
876.9000000000001,109
954.6000000000003,109
999.0000000000001,109
910.2000000000002,109
921.3000000000002,109
976.8000000000001,109
987.9000000000001,109
976.8000000000001,109
954.6000000000003,109
954.6000000000003,109
943.5000000000002,111
910.2000000000002,111
932.4000000000002,111
932.4000000000002,112
910.2000000000002,113
932.4000000000002,113
921.3000000000002,113
921.3000000000002,113
932.4000000000002,113
910.2000000000002,113
932.4000000000002,113
943.5000000000002,113
943.5000000000002,113
943.5000000000002,113
954.6000000000003,113
976.8000000000001,113
987.9000000000001,113
987.9000000000001,113
965.7000000000002,113
976.8000000000001,113
987.9000000000001,113
943.5000000000002,113
943.5000000000002,113
954.6000000000003,113
965.7000000000002,113
921.3000000000002,113
954.6000000000003,113
943.5000000000002,113
965.7000000000002,113
954.6000000000003,113
999.0000000000001,113
999.0000000000001,113
1021.2,113
999.0000000000001,113
1032.3000000000002,113
1032.3000000000002,113
965.7000000000002,113
987.9000000000001,113
976.8000000000001,113
954.6000000000003,115
943.5000000000002,115
965.7000000000002,115
943.5000000000002,115
954.6000000000003,115
943.5000000000002,115
976.8000000000001,115
943.5000000000002,115
943.5000000000002,115
965.7000000000002,115
987.9000000000001,115
987.9000000000001,115
1010.1000000000001,115
1021.2,117
1043.4,117
999.0000000000001,117
987.9000000000001,119
999.0000000000001,119
943.5000000000002,119
943.5000000000002,119
943.5000000000002,119
965.7000000000002,119
921.3000000000002,119
921.3000000000002,119
965.7000000000002,119
932.4000000000002,119
910.2000000000002,119
921.3000000000002,119
921.3000000000002,119
932.4000000000002,119
888.0000000000001,119
899.1,119
910.2000000000002,119
899.1,119
910.2000000000002,119
888.0000000000001,119
932.4000000000002,119
943.5000000000002,119
943.5000000000002,119
943.5000000000002,119
954.6000000000003,119
954.6000000000003,119
987.9000000000001,119
965.7000000000002,119
954.6000000000003,119
954.6000000000003,119
932.4000000000002,119
899.1,119
910.2000000000002,119
899.1,119
899.1,119
910.2000000000002,119
921.3000000000002,120
910.2000000000002,121
921.3000000000002,121
954.6000000000003,121
976.8000000000001,121
999.0000000000001,121
1021.2,121
1021.2,121
1010.1000000000001,121
999.0000000000001,121
976.8000000000001,121
965.7000000000002,121
965.7000000000002,121
943.5000000000002,121
921.3000000000002,121
932.4000000000002,121
932.4000000000002,121
943.5000000000002,121
932.4000000000002,121
943.5000000000002,121
954.6000000000003,121
954.6000000000003,121
965.7000000000002,121
932.4000000000002,121
987.9000000000001,121
987.9000000000001,121
999.0000000000001,121
987.9000000000001,121
1010.1000000000001,121
1010.1000000000001,121
987.9000000000001,121
1010.1000000000001,121
987.9000000000001,121
1010.1000000000001,121
965.7000000000002,121
976.8000000000001,121
987.9000000000001,121
987.9000000000001,121
999.0000000000001,121
987.9000000000001,121
1010.1000000000001,121
987.9000000000001,123
987.9000000000001,123
987.9000000000001,123
965.7000000000002,124
943.5000000000002,125
932.4000000000002,125
954.6000000000003,125
943.5000000000002,125
976.8000000000001,125
999.0000000000001,125
999.0000000000001,125
999.0000000000001,125
987.9000000000001,125
954.6000000000003,125
987.9000000000001,125
932.4000000000002,125
954.6000000000003,125
888.0000000000001,125
865.8000000000001,125
843.6,125
854.7,125
777.0000000000002,125
799.2000000000002,125
821.4000000000001,125
810.3000000000002,125
899.1,125
954.6000000000003,125
1010.1000000000001,125
1032.3000000000002,127
1043.4,127
1054.5,127
1043.4,127
1021.2,127
1010.1000000000001,127
987.9000000000001,127
976.8000000000001,127
943.5000000000002,127
921.3000000000002,127
932.4000000000002,127
932.4000000000002,129
965.7000000000002,129
932.4000000000002,129
965.7000000000002,129
987.9000000000001,131
1021.2,131
1010.1000000000001,131
1032.3000000000002,131
1054.5,131
1065.6000000000001,131
1010.1000000000001,131
1010.1000000000001,131
999.0000000000001,131
965.7000000000002,131
954.6000000000003,131
932.4000000000002,131
932.4000000000002,131
954.6000000000003,131
943.5000000000002,131
965.7000000000002,131
976.8000000000001,131
943.5000000000002,131
954.6000000000003,131
965.7000000000002,131
976.8000000000001,131
965.7000000000002,131
976.8000000000001,131
987.9000000000001,131
965.7000000000002,131
943.5000000000002,131
965.7000000000002,131
943.5000000000002,131
954.6000000000003,131
921.3000000000002,131
943.5000000000002,131
954.6000000000003,131
987.9000000000001,131
999.0000000000001,131
1010.1000000000001,133
1032.3000000000002,133
1010.1000000000001,133
1043.4,133
1021.2,133
1021.2,133
1010.1000000000001,133
1032.3000000000002,133
1032.3000000000002,133
1021.2,133
987.9000000000001,133
1010.1000000000001,134
1043.4,135
1032.3000000000002,135
987.9000000000001,135
1032.3000000000002,137
1043.4,137
1010.1000000000001,137
1010.1000000000001,137
1032.3000000000002,137
1021.2,137
965.7000000000002,137
999.0000000000001,137
1010.1000000000001,137
1010.1000000000001,137
999.0000000000001,137
1021.2,137
1043.4,137
1043.4,137
1021.2,137
1021.2,137
1010.1000000000001,137
976.8000000000001,137
1010.1000000000001,137
965.7000000000002,137
976.8000000000001,137
965.7000000000002,137
987.9000000000001,137
1010.1000000000001,137
1032.3000000000002,137
1010.1000000000001,137
1010.1000000000001,137
1021.2,137
1032.3000000000002,137
999.0000000000001,137
1032.3000000000002,137
1021.2,137
1010.1000000000001,137
1010.1000000000001,139
1010.1000000000001,139
1010.1000000000001,139
999.0000000000001,139
1021.2,139
1032.3000000000002,139
1043.4,139
1010.1000000000001,139
1021.2,139
1021.2,139
954.6000000000003,139
999.0000000000001,139
999.0000000000001,141
987.9000000000001,141
976.8000000000001,141
976.8000000000001,143
999.0000000000001,143
987.9000000000001,143
976.8000000000001,143
987.9000000000001,143
1021.2,143
1010.1000000000001,143
987.9000000000001,143
1021.2,143
1043.4,143
1021.2,143
1043.4,143
1065.6000000000001,143
1043.4,143
1010.1000000000001,143
999.0000000000001,143
999.0000000000001,143
987.9000000000001,143
954.6000000000003,143
965.7000000000002,143
1010.1000000000001,143
999.0000000000001,143
999.0000000000001,143
1032.3000000000002,143
1032.3000000000002,143
1021.2,143
1010.1000000000001,143
1010.1000000000001,143
1032.3000000000002,143
1021.2,143
976.8000000000001,143
999.0000000000001,143
999.0000000000001,143
999.0000000000001,143
965.7000000000002,145
987.9000000000001,145
1010.1000000000001,145
1021.2,145
1010.1000000000001,145
1054.5,145
1098.9,145
1065.6000000000001,145
1032.3000000000002,145
1043.4,145
1032.3000000000002,145
1032.3000000000002,145
1010.1000000000001,145
1010.1000000000001,145
976.8000000000001,145
987.9000000000001,147
954.6000000000003,147
888.0000000000001,147
987.9000000000001,149
965.7000000000002,149
987.9000000000001,149
1043.4,149
1043.4,149
1021.2,149
1043.4,149
1032.3000000000002,149
1032.3000000000002,149
1021.2,149
987.9000000000001,149
999.0000000000001,149
999.0000000000001,149
976.8000000000001,149
987.9000000000001,149
976.8000000000001,149
987.9000000000001,149
954.6000000000003,149
943.5000000000002,149
954.6000000000003,149
965.7000000000002,149
976.8000000000001,149
1021.2,149
1043.4,151
1054.5,151
1054.5,151
1065.6000000000001,151
1087.8000000000002,151
1076.7,151
1043.4,151
1021.2,151
1010.1000000000001,151
999.0000000000001,151
976.8000000000001,151
987.9000000000001,153
987.9000000000001,153
987.9000000000001,153
987.9000000000001,153
1043.4,153
1054.5,153
1054.5,153
1054.5,155
1076.7,155
1076.7,155
1054.5,155
1054.5,155
999.0000000000001,155
1010.1000000000001,157
1010.1000000000001,157
1010.1000000000001,157
976.8000000000001,157
987.9000000000001,157
965.7000000000002,157
976.8000000000001,157
932.4000000000002,157
943.5000000000002,157
954.6000000000003,157
965.7000000000002,157
943.5000000000002,157
976.8000000000001,157
1021.2,157
1043.4,157
1021.2,157
1021.2,157
1032.3000000000002,157
1021.2,157
999.0000000000001,157
999.0000000000001,157
987.9000000000001,157
999.0000000000001,157
954.6000000000003,157
965.7000000000002,157
987.9000000000001,157
943.5000000000002,157
954.6000000000003,157
976.8000000000001,157
965.7000000000002,159
943.5000000000002,159
943.5000000000002,159
976.8000000000001,159
1010.1000000000001,159
987.9000000000001,159
999.0000000000001,161
1010.1000000000001,161
954.6000000000003,161
976.8000000000001,161
976.8000000000001,161
976.8000000000001,163
943.5000000000002,163
987.9000000000001,163
976.8000000000001,163
943.5000000000002,165
954.6000000000003,165
999.0000000000001,165
954.6000000000003,165
954.6000000000003,165
965.7000000000002,165
976.8000000000001,165
954.6000000000003,165
965.7000000000002,165
976.8000000000001,165
987.9000000000001,165
976.8000000000001,165
976.8000000000001,165
987.9000000000001,165
976.8000000000001,165
965.7000000000002,165
987.9000000000001,165
999.0000000000001,165
999.0000000000001,165
999.0000000000001,165
999.0000000000001,165
1010.1000000000001,165
1010.1000000000001,165
976.8000000000001,167
987.9000000000001,167
965.7000000000002,167
976.8000000000001,167
943.5000000000002,167
965.7000000000002,167
976.8000000000001,167
954.6000000000003,167
954.6000000000003,167
976.8000000000001,167
954.6000000000003,167
965.7000000000002,167
987.9000000000001,169
987.9000000000001,169
965.7000000000002,169
932.4000000000002,171
965.7000000000002,171
943.5000000000002,171
965.7000000000002,171
965.7000000000002,171
976.8000000000001,171
999.0000000000001,171
987.9000000000001,171
1010.1000000000001,171
1021.2,171
1010.1000000000001,171
1021.2,171
1010.1000000000001,171
1010.1000000000001,171
987.9000000000001,171
999.0000000000001,171
1010.1000000000001,171
999.0000000000001,171
965.7000000000002,171
976.8000000000001,171
987.9000000000001,171
987.9000000000001,171
999.0000000000001,171
1032.3000000000002,171
1032.3000000000002,171
1021.2,171
1032.3000000000002,173
1032.3000000000002,173
1032.3000000000002,173
1021.2,173
1021.2,173
1032.3000000000002,173
1010.1000000000001,173
987.9000000000001,173
976.8000000000001,173
987.9000000000001,173
987.9000000000001,173
976.8000000000001,173
976.8000000000001,175
987.9000000000001,175
965.7000000000002,175
932.4000000000002,175
954.6000000000003,177
954.6000000000003,177
954.6000000000003,177
954.6000000000003,177
987.9000000000001,177
987.9000000000001,177
943.5000000000002,177
976.8000000000001,177
987.9000000000001,177
976.8000000000001,177
976.8000000000001,177
987.9000000000001,177
999.0000000000001,177
999.0000000000001,177
976.8000000000001,177
999.0000000000001,177
976.8000000000001,177
932.4000000000002,177
943.5000000000002,177
954.6000000000003,177
954.6000000000003,177
910.2000000000002,177
965.7000000000002,177
954.6000000000003,179
965.7000000000002,179
965.7000000000002,179
999.0000000000001,179
1010.1000000000001,179
1021.2,179
999.0000000000001,179
1010.1000000000001,179
987.9000000000001,179
987.9000000000001,179
954.6000000000003,179
987.9000000000001,179
976.8000000000001,181
976.8000000000001,181
965.7000000000002,181
976.8000000000001,181
954.6000000000003,183
954.6000000000003,183
965.7000000000002,183
954.6000000000003,183
965.7000000000002,183
954.6000000000003,183
987.9000000000001,183
999.0000000000001,183
999.0000000000001,183
976.8000000000001,183
987.9000000000001,183
1010.1000000000001,183
999.0000000000001,183
987.9000000000001,183
999.0000000000001,183
1010.1000000000001,183
1021.2,183
999.0000000000001,183
954.6000000000003,183
910.2000000000002,183
910.2000000000002,183
899.1,183
954.6000000000003,183
932.4000000000002,183
943.5000000000002,183
965.7000000000002,183
999.0000000000001,183
1010.1000000000001,183
1021.2,183
999.0000000000001,183
1021.2,183
1021.2,183
976.8000000000001,183
999.0000000000001,183
999.0000000000001,184
987.9000000000001,185
965.7000000000002,185
1010.1000000000001,185
1032.3000000000002,185
1054.5,185
1043.4,185
1076.7,185
1065.6000000000001,185
1043.4,185
1043.4,185
1021.2,185
987.9000000000001,185
999.0000000000001,186
1010.1000000000001,187
1010.1000000000001,187
987.9000000000001,187
1021.2,189
1010.1000000000001,189
1010.1000000000001,189
999.0000000000001,189
1032.3000000000002,189
1021.2,189
987.9000000000001,189
999.0000000000001,189
1010.1000000000001,189
1010.1000000000001,189
976.8000000000001,189
976.8000000000001,189
987.9000000000001,189
965.7000000000002,189
954.6000000000003,189
976.8000000000001,189
965.7000000000002,189
965.7000000000002,189
943.5000000000002,189
965.7000000000002,189
965.7000000000002,189
976.8000000000001,189
965.7000000000002,189
987.9000000000001,189
987.9000000000001,189
987.9000000000001,189
976.8000000000001,189
965.7000000000002,189
976.8000000000001,189
1010.1000000000001,189
987.9000000000001,189
999.0000000000001,189
999.0000000000001,189
1010.1000000000001,189
999.0000000000001,189
999.0000000000001,189
999.0000000000001,189
987.9000000000001,189
999.0000000000001,189
976.8000000000001,189
976.8000000000001,189
965.7000000000002,189
976.8000000000001,189
987.9000000000001,189
976.8000000000001,189
976.8000000000001,191
965.7000000000002,191
954.6000000000003,191
954.6000000000003,191
965.7000000000002,191
965.7000000000002,191
987.9000000000001,191
1010.1000000000001,191
999.0000000000001,191
1010.1000000000001,191
1021.2,191
1021.2,191
1010.1000000000001,191
999.0000000000001,193
1021.2,193
987.9000000000001,193
954.6000000000003,195
976.8000000000001,195
999.0000000000001,195
1021.2,195
1054.5,195
1032.3000000000002,195
1021.2,195
1032.3000000000002,195
1010.1000000000001,195
1010.1000000000001,195
965.7000000000002,195
987.9000000000001,195
987.9000000000001,195
965.7000000000002,195
965.7000000000002,195
976.8000000000001,195
987.9000000000001,195
999.0000000000001,195
1010.1000000000001,195
1032.3000000000002,195
1032.3000000000002,195
1032.3000000000002,195
1032.3000000000002,195
1032.3000000000002,195
1032.3000000000002,195
1032.3000000000002,195
1043.4,195
1021.2,195
1032.3000000000002,195
1032.3000000000002,195
1043.4,195
1021.2,195
1021.2,195
1021.2,195
1021.2,195
1032.3000000000002,195
1043.4,195
1043.4,195
999.0000000000001,195
1043.4,195
1054.5,195
1043.4,195
1032.3000000000002,195
1021.2,195
1032.3000000000002,196
987.9000000000001,197
987.9000000000001,197
999.0000000000001,197
987.9000000000001,197
1010.1000000000001,197
1010.1000000000001,197
999.0000000000001,197
999.0000000000001,197
1043.4,197
1032.3000000000002,197
1010.1000000000001,197
1032.3000000000002,197
1021.2,199
1010.1000000000001,199
976.8000000000001,199
999.0000000000001,201
987.9000000000001,201
976.8000000000001,201
999.0000000000001,201
1010.1000000000001,201
1021.2,201
999.0000000000001,201
1010.1000000000001,201
1021.2,201
1010.1000000000001,201
987.9000000000001,201
987.9000000000001,201
1010.1000000000001,201
999.0000000000001,201
976.8000000000001,201
976.8000000000001,201
976.8000000000001,201
987.9000000000001,201
987.9000000000001,201
1010.1000000000001,201
1021.2,201
1043.4,201
1010.1000000000001,201
1032.3000000000002,201
1032.3000000000002,201
1043.4,201
1010.1000000000001,201
1043.4,201
1043.4,201
1043.4,201
1010.1000000000001,201
1010.1000000000001,201
1021.2,201
987.9000000000001,201
999.0000000000001,203
976.8000000000001,203
1021.2,203
1010.1000000000001,203
1076.7,203
1110.0,203
1121.1000000000001,203
1087.8000000000002,203
1076.7,203
1054.5,203
1032.3000000000002,204
1021.2,205
999.0000000000001,205
976.8000000000001,205
987.9000000000001,207
999.0000000000001,207
987.9000000000001,207
976.8000000000001,207
976.8000000000001,207
999.0000000000001,207
976.8000000000001,207
954.6000000000003,207
999.0000000000001,207
1010.1000000000001,207
999.0000000000001,207
999.0000000000001,207
1010.1000000000001,207
1010.1000000000001,207
976.8000000000001,207
987.9000000000001,207
999.0000000000001,207
999.0000000000001,207
965.7000000000002,207
976.8000000000001,207
999.0000000000001,207
987.9000000000001,207
965.7000000000002,207
976.8000000000001,207
976.8000000000001,207
943.5000000000002,207
954.6000000000003,207
954.6000000000003,207
954.6000000000003,207
932.4000000000002,207
943.5000000000002,207
954.6000000000003,207
943.5000000000002,207
932.4000000000002,207
954.6000000000003,207
932.4000000000002,209
932.4000000000002,209
921.3000000000002,209
932.4000000000002,209
954.6000000000003,209
987.9000000000001,209
1043.4,209
1076.7,209
1098.9,209
1065.6000000000001,209
1076.7,209
1054.5,209
999.0000000000001,211
999.0000000000001,211
987.9000000000001,211
954.6000000000003,211
921.3000000000002,213
921.3000000000002,213
910.2000000000002,213
854.7,213
865.8000000000001,213
854.7,213
854.7,213
843.6,213
854.7,213
821.4000000000001,213
854.7,213
854.7,213
865.8000000000001,213
899.1,213
876.9000000000001,213
910.2000000000002,213
921.3000000000002,213
921.3000000000002,213
954.6000000000003,213
943.5000000000002,213
965.7000000000002,213
1010.1000000000001,213
1032.3000000000002,213
1043.4,213
1043.4,213
1032.3000000000002,213
1032.3000000000002,213
1010.1000000000001,213
1021.2,213
1010.1000000000001,213
1010.1000000000001,213
999.0000000000001,213
976.8000000000001,213
943.5000000000002,213
921.3000000000002,213
965.7000000000002,213
943.5000000000002,215
954.6000000000003,215
987.9000000000001,215
976.8000000000001,215
987.9000000000001,215
987.9000000000001,215
1021.2,215
1010.1000000000001,215
999.0000000000001,215
999.0000000000001,215
1021.2,215
1021.2,215
987.9000000000001,217
999.0000000000001,217
976.8000000000001,217
987.9000000000001,217
932.4000000000002,219
965.7000000000002,219
987.9000000000001,219
1021.2,219
1021.2,219
1021.2,219
1043.4,219
1054.5,219
1021.2,219
1043.4,219
1043.4,219
1032.3000000000002,219
987.9000000000001,219
976.8000000000001,219
987.9000000000001,219
976.8000000000001,219
965.7000000000002,219
976.8000000000001,219
999.0000000000001,219
999.0000000000001,219
976.8000000000001,219
999.0000000000001,219
1010.1000000000001,221
999.0000000000001,221
976.8000000000001,221
999.0000000000001,221
987.9000000000001,221
987.9000000000001,221
987.9000000000001,221
976.8000000000001,221
987.9000000000001,221
1010.1000000000001,221
999.0000000000001,221
987.9000000000001,221
965.7000000000002,223
987.9000000000001,223
987.9000000000001,223
1010.1000000000001,225
999.0000000000001,225
999.0000000000001,225
976.8000000000001,225
965.7000000000002,225
954.6000000000003,225
943.5000000000002,225
932.4000000000002,225
910.2000000000002,225
910.2000000000002,225
932.4000000000002,225
888.0000000000001,225
843.6,225
943.5000000000002,225
954.6000000000003,225
999.0000000000001,225
1021.2,225
1010.1000000000001,225
999.0000000000001,225
965.7000000000002,225
932.4000000000002,225
888.0000000000001,225
865.8000000000001,225
810.3000000000002,225
932.4000000000002,227
899.1,227
987.9000000000001,227
965.7000000000002,227
932.4000000000002,227
976.8000000000001,227
1021.2,227
999.0000000000001,227
1010.1000000000001,227
1032.3000000000002,227
1043.4,229
1054.5,229
1032.3000000000002,229
1010.1000000000001,229
1021.2,231
1032.3000000000002,231
1032.3000000000002,231
1010.1000000000001,231
1010.1000000000001,231
1021.2,231
1032.3000000000002,231
1032.3000000000002,231
1032.3000000000002,231
1032.3000000000002,231
1021.2,231
987.9000000000001,231
1010.1000000000001,231
987.9000000000001,231
954.6000000000003,231
965.7000000000002,231
965.7000000000002,231
987.9000000000001,231
976.8000000000001,231
1010.1000000000001,231
1032.3000000000002,231
1032.3000000000002,231
1010.1000000000001,231
1021.2,231
1021.2,231
1021.2,231
976.8000000000001,231
976.8000000000001,231
987.9000000000001,231
999.0000000000001,231
976.8000000000001,231
987.9000000000001,231
1010.1000000000001,231
1032.3000000000002,233
999.0000000000001,233
1032.3000000000002,233
1032.3000000000002,233
1021.2,233
987.9000000000001,233
1010.1000000000001,233
987.9000000000001,233
999.0000000000001,233
999.0000000000001,233
1010.1000000000001,233
1010.1000000000001,233
999.0000000000001,233
999.0000000000001,233
999.0000000000001,233
999.0000000000001,233
965.7000000000002,233
987.9000000000001,233
1010.1000000000001,233
987.9000000000001,233
1010.1000000000001,233
1032.3000000000002,233
1043.4,233
1032.3000000000002,233
1043.4,233
1065.6000000000001,233
1032.3000000000002,233
1032.3000000000002,233
1021.2,233
1010.1000000000001,233
999.0000000000001,233
1010.1000000000001,235
987.9000000000001,235
965.7000000000002,235
932.4000000000002,237
921.3000000000002,237
876.9000000000001,237
888.0000000000001,237
899.1,237
899.1,237
932.4000000000002,237
910.2000000000002,237
965.7000000000002,237
976.8000000000001,237
976.8000000000001,237
976.8000000000001,237
999.0000000000001,237
999.0000000000001,237
1010.1000000000001,237
976.8000000000001,237
976.8000000000001,237
976.8000000000001,237
987.9000000000001,237
987.9000000000001,237
999.0000000000001,237
1010.1000000000001,237
987.9000000000001,237
987.9000000000001,237
976.8000000000001,237
954.6000000000003,237
954.6000000000003,237
932.4000000000002,237
954.6000000000003,237
965.7000000000002,237
976.8000000000001,237
987.9000000000001,237
987.9000000000001,237
976.8000000000001,237
999.0000000000001,237
987.9000000000001,239
999.0000000000001,239
976.8000000000001,239
999.0000000000001,239
987.9000000000001,239
987.9000000000001,239
976.8000000000001,239
987.9000000000001,239
976.8000000000001,239
954.6000000000003,239
976.8000000000001,239
976.8000000000001,239
987.9000000000001,239
999.0000000000001,241
1010.1000000000001,241
976.8000000000001,241
965.7000000000002,241
965.7000000000002,243
976.8000000000001,243
965.7000000000002,243
987.9000000000001,243
1010.1000000000001,243
1021.2,243
1010.1000000000001,243
1021.2,243
1010.1000000000001,243
1021.2,243
976.8000000000001,243
999.0000000000001,243
965.7000000000002,243
965.7000000000002,243
965.7000000000002,243
976.8000000000001,243
954.6000000000003,243
965.7000000000002,245
954.6000000000003,245
965.7000000000002,245
965.7000000000002,245
976.8000000000001,245
987.9000000000001,245
999.0000000000001,245
999.0000000000001,245
999.0000000000001,245
999.0000000000001,245
987.9000000000001,245
976.8000000000001,247
976.8000000000001,247
965.7000000000002,247
943.5000000000002,247
954.6000000000003,249
965.7000000000002,249
976.8000000000001,249
999.0000000000001,249
999.0000000000001,249
1010.1000000000001,249
1021.2,249
1032.3000000000002,249
1010.1000000000001,249
1021.2,249
999.0000000000001,249
999.0000000000001,249
987.9000000000001,249
987.9000000000001,249
987.9000000000001,249
987.9000000000001,249
943.5000000000002,249
943.5000000000002,249
932.4000000000002,249
954.6000000000003,249
943.5000000000002,249
987.9000000000001,249
1021.2,249
1032.3000000000002,251
1021.2,251
1043.4,251
1021.2,251
1032.3000000000002,251
999.0000000000001,251
987.9000000000001,251
987.9000000000001,251
987.9000000000001,251
976.8000000000001,251
976.8000000000001,251
987.9000000000001,253
987.9000000000001,253
954.6000000000003,253
954.6000000000003,253
976.8000000000001,255
999.0000000000001,255
965.7000000000002,255
999.0000000000001,255
976.8000000000001,255
976.8000000000001,255
954.6000000000003,255
976.8000000000001,255
1010.1000000000001,255
1021.2,255
1021.2,255
1065.6000000000001,255
1065.6000000000001,255
1054.5,255
1032.3000000000002,255
1043.4,255
1043.4,255
999.0000000000001,255
999.0000000000001,255
987.9000000000001,255
1010.1000000000001,255
987.9000000000001,255
987.9000000000001,257
999.0000000000001,257
1021.2,257
999.0000000000001,257
999.0000000000001,257
1021.2,257
1010.1000000000001,257
987.9000000000001,257
1010.1000000000001,257
1021.2,257
1032.3000000000002,257
1010.1000000000001,259
1032.3000000000002,259
1032.3000000000002,259
1043.4,261
1021.2,261
1032.3000000000002,261
1032.3000000000002,261
1043.4,261
1021.2,261
1021.2,261
1032.3000000000002,261
1010.1000000000001,261
999.0000000000001,261
1010.1000000000001,261
1010.1000000000001,261
999.0000000000001,261
1010.1000000000001,261
1010.1000000000001,261
987.9000000000001,261
999.0000000000001,261
1010.1000000000001,261
1010.1000000000001,261
987.9000000000001,261
1010.1000000000001,261
1021.2,261
999.0000000000001,261
999.0000000000001,261
1010.1000000000001,261
1010.1000000000001,261
987.9000000000001,261
999.0000000000001,261
1010.1000000000001,261
1021.2,261
987.9000000000001,261
987.9000000000001,261
1010.1000000000001,261
987.9000000000001,262
965.7000000000002,263
965.7000000000002,263
999.0000000000001,263
987.9000000000001,263
976.8000000000001,263
999.0000000000001,263
1010.1000000000001,263
999.0000000000001,263
987.9000000000001,263
999.0000000000001,263
999.0000000000001,265
987.9000000000001,265
976.8000000000001,265
987.9000000000001,265
999.0000000000001,267
965.7000000000002,267
999.0000000000001,267
1010.1000000000001,267
999.0000000000001,267
999.0000000000001,267
1010.1000000000001,267
1032.3000000000002,267
1021.2,267
1010.1000000000001,267
1032.3000000000002,267
1032.3000000000002,267
999.0000000000001,267
1021.2,267
1021.2,267
1021.2,267
999.0000000000001,267
987.9000000000001,267
1021.2,267
1010.1000000000001,267
987.9000000000001,267
1021.2,267
1010.1000000000001,267
1010.1000000000001,267
976.8000000000001,267
987.9000000000001,267
976.8000000000001,267
999.0000000000001,267
954.6000000000003,267
987.9000000000001,267
1021.2,267
1032.3000000000002,267
1032.3000000000002,267
1065.6000000000001,269
1043.4,269
1032.3000000000002,269
1021.2,269
1010.1000000000001,269
976.8000000000001,269
976.8000000000001,269
965.7000000000002,269
954.6000000000003,269
965.7000000000002,269
943.5000000000002,271
965.7000000000002,271
943.5000000000002,271
943.5000000000002,271
943.5000000000002,273
954.6000000000003,273
987.9000000000001,273
976.8000000000001,273
954.6000000000003,273
987.9000000000001,273
987.9000000000001,273
987.9000000000001,273
976.8000000000001,273
987.9000000000001,273
965.7000000000002,273
954.6000000000003,273
932.4000000000002,273
943.5000000000002,273
910.2000000000002,273
899.1,273
910.2000000000002,273
865.8000000000001,273
910.2000000000002,273
888.0000000000001,273
899.1,273
921.3000000000002,273
921.3000000000002,273
932.4000000000002,273
921.3000000000002,275
954.6000000000003,275
954.6000000000003,275
976.8000000000001,275
954.6000000000003,275
987.9000000000001,275
976.8000000000001,275
976.8000000000001,275
954.6000000000003,275
965.7000000000002,275
954.6000000000003,277
954.6000000000003,277
943.5000000000002,277
899.1,279
910.2000000000002,279
954.6000000000003,279
1010.1000000000001,279
1076.7,279
1098.9,279
1087.8000000000002,279
1065.6000000000001,279
1032.3000000000002,279
1010.1000000000001,279
987.9000000000001,279
999.0000000000001,279
987.9000000000001,279
976.8000000000001,279
976.8000000000001,279
987.9000000000001,279
999.0000000000001,279
976.8000000000001,279
999.0000000000001,279
999.0000000000001,279
1010.1000000000001,281
1021.2,281
999.0000000000001,281
1010.1000000000001,281
1010.1000000000001,281
999.0000000000001,281
965.7000000000002,281
965.7000000000002,281
987.9000000000001,281
987.9000000000001,281
987.9000000000001,281
1032.3000000000002,281
1043.4,283
1054.5,283
1032.3000000000002,283
1054.5,283
1043.4,283
1010.1000000000001,283
987.9000000000001,285
976.8000000000001,285
976.8000000000001,285
932.4000000000002,285
965.7000000000002,287
932.4000000000002,287
943.5000000000002,287
943.5000000000002,288
965.7000000000002,289
976.8000000000001,289
965.7000000000002,289
999.0000000000001,291
999.0000000000001,291
987.9000000000001,291
976.8000000000001,292
987.9000000000001,293
987.9000000000001,293
999.0000000000001,293
965.7000000000002,295
987.9000000000001,295
976.8000000000001,295
999.0000000000001,296
954.6000000000003,297
976.8000000000001,297
976.8000000000001,297
976.8000000000001,299
987.9000000000001,299
954.6000000000003,299
965.7000000000002,300
999.0000000000001,301
999.0000000000001,301
987.9000000000001,301
999.0000000000001,303
1021.2,303
1021.2,303
987.9000000000001,305
1010.1000000000001,305
999.0000000000001,305
999.0000000000001,305
965.7000000000002,307
987.9000000000001,307
987.9000000000001,307
976.8000000000001,307
965.7000000000002,307
976.8000000000001,307
976.8000000000001,307
987.9000000000001,307
976.8000000000001,307
999.0000000000001,307
999.0000000000001,307
1010.1000000000001,307
1010.1000000000001,307
1010.1000000000001,307
987.9000000000001,307
954.6000000000003,307
987.9000000000001,307
987.9000000000001,307
999.0000000000001,307
1021.2,307
1054.5,307
1076.7,307
1054.5,307
1010.1000000000001,307
1021.2,307
999.0000000000001,307
965.7000000000002,307
943.5000000000002,307
954.6000000000003,307
965.7000000000002,307
943.5000000000002,309
932.4000000000002,309
943.5000000000002,309
965.7000000000002,309
954.6000000000003,311
954.6000000000003,311
999.0000000000001,311
1021.2,312
1032.3000000000002,313
1032.3000000000002,313
1043.4,313
1054.5,315
1032.3000000000002,315
1021.2,315
1021.2,317
1021.2,317
987.9000000000001,317
1010.1000000000001,317
999.0000000000001,319
1010.1000000000001,319
999.0000000000001,319
1010.1000000000001,321
1021.2,321
1054.5,321
1032.3000000000002,323
1032.3000000000002,323
1076.7,323
1098.9,323
1065.6000000000001,325
1043.4,325
1054.5,325
1043.4,327
1021.2,327
1021.2,327
1021.2,329
999.0000000000001,329
1010.1000000000001,329
1021.2,330
1021.2,331
1010.1000000000001,331
1021.2,331
1021.2,331
999.0000000000001,331
987.9000000000001,331
999.0000000000001,331
1010.1000000000001,331
987.9000000000001,331
1010.1000000000001,331
1043.4,331
1043.4,331
1021.2,331
1021.2,331
1065.6000000000001,331
1054.5,331
1032.3000000000002,331
1032.3000000000002,331
1043.4,331
1032.3000000000002,333
1010.1000000000001,333
999.0000000000001,333
1010.1000000000001,335
1010.1000000000001,335
999.0000000000001,335
999.0000000000001,336
1010.1000000000001,337
965.7000000000002,337
987.9000000000001,337
999.0000000000001,339
999.0000000000001,339
1010.1000000000001,339
1010.1000000000001,340
1010.1000000000001,341
987.9000000000001,341
987.9000000000001,341
987.9000000000001,343
987.9000000000001,343
987.9000000000001,343
999.0000000000001,345
1010.1000000000001,345
1010.1000000000001,345
999.0000000000001,345
999.0000000000001,347
999.0000000000001,347
999.0000000000001,347
976.8000000000001,349
976.8000000000001,349
976.8000000000001,349
987.9000000000001,349
976.8000000000001,351
976.8000000000001,351
976.8000000000001,351
987.9000000000001,353
954.6000000000003,353
954.6000000000003,353
954.6000000000003,353
954.6000000000003,355
976.8000000000001,355
954.6000000000003,355
965.7000000000002,355
965.7000000000002,355
976.8000000000001,355
965.7000000000002,355
965.7000000000002,355
954.6000000000003,355
943.5000000000002,355
965.7000000000002,355
954.6000000000003,357
987.9000000000001,357
1021.2,357
999.0000000000001,357
965.7000000000002,359
999.0000000000001,359
987.9000000000001,359
987.9000000000001,359
999.0000000000001,359
1010.1000000000001,359
999.0000000000001,359
987.9000000000001,359
976.8000000000001,359
987.9000000000001,359
976.8000000000001,359
987.9000000000001,359
987.9000000000001,359
976.8000000000001,359
976.8000000000001,359
987.9000000000001,359
1043.4,359
1032.3000000000002,359
1054.5,359
1076.7,359
1076.7,359
1076.7,359
1054.5,359
1065.6000000000001,359
1032.3000000000002,359
1021.2,359
999.0000000000001,359
999.0000000000001,359
987.9000000000001,359
987.9000000000001,359
987.9000000000001,359
999.0000000000001,359
1010.1000000000001,359
1021.2,359
1021.2,359
1043.4,359
1043.4,359
1032.3000000000002,359
1021.2,359
1021.2,359
1032.3000000000002,359
987.9000000000001,359
987.9000000000001,359
1010.1000000000001,359
1021.2,359
1043.4,359
1021.2,359
1010.1000000000001,359
999.0000000000001,361
954.6000000000003,361
943.5000000000002,361
932.4000000000002,361
921.3000000000002,361
899.1,361
954.6000000000003,361
932.4000000000002,361
943.5000000000002,361
954.6000000000003,361
932.4000000000002,361
943.5000000000002,361
965.7000000000002,363
954.6000000000003,363
943.5000000000002,363
954.6000000000003,363
1010.1000000000001,365
1021.2,365
1010.1000000000001,365
1021.2,367
1054.5,367
1021.2,367
1021.2,369
1010.1000000000001,369
1010.1000000000001,369
999.0000000000001,369
987.9000000000001,371
987.9000000000001,371
999.0000000000001,371
999.0000000000001,373
987.9000000000001,373
1010.1000000000001,373
1043.4,373
1043.4,375
1032.3000000000002,375
1032.3000000000002,375
1054.5,377
1043.4,377
1054.5,377
1065.6000000000001,379
1076.7,379
1065.6000000000001,379
1065.6000000000001,381
1065.6000000000001,381
1032.3000000000002,381
1010.1000000000001,381
1010.1000000000001,383
1010.1000000000001,383
1010.1000000000001,383
987.9000000000001,385
1010.1000000000001,385
1021.2,385
1043.4,385
1021.2,385
1054.5,385
1054.5,385
1043.4,385
1032.3000000000002,385
1065.6000000000001,385
1076.7,385
1054.5,385
1065.6000000000001,385
1065.6000000000001,385
1076.7,387
1043.4,387
1054.5,387
1032.3000000000002,389
1043.4,389
1010.1000000000001,389
1021.2,389
1032.3000000000002,389
1043.4,389
1065.6000000000001,389
1087.8000000000002,389
1098.9,389
1076.7,389
1065.6000000000001,389
1087.8000000000002,389
1076.7,389
1054.5,389
1043.4,389
1043.4,389
1054.5,389
1054.5,389
1032.3000000000002,389
1032.3000000000002,389
1054.5,389
1087.8000000000002,389
1076.7,389
1054.5,389
1065.6000000000001,389
1076.7,389
1087.8000000000002,389
1043.4,389
1076.7,389
1065.6000000000001,389
1098.9,389
1054.5,389
1087.8000000000002,389
1076.7,389
1098.9,389
1076.7,389
1065.6000000000001,389
1065.6000000000001,389
1065.6000000000001,389
1054.5,389
1043.4,389
1043.4,389
1043.4,389
1021.2,389
1021.2,389
1032.3000000000002,389
1043.4,389
1054.5,391
1043.4,391
1065.6000000000001,391
1087.8000000000002,391
1054.5,391
1032.3000000000002,391
1043.4,391
1065.6000000000001,391
1032.3000000000002,391
1032.3000000000002,391
1043.4,391
1043.4,391
1021.2,391
1032.3000000000002,391
1065.6000000000001,391
1087.8000000000002,391
1065.6000000000001,391
1054.5,393
1065.6000000000001,393
1043.4,393
1032.3000000000002,393
1021.2,393
1021.2,393
987.9000000000001,393
1021.2,393
1043.4,393
1032.3000000000002,393
1021.2,393
1021.2,393
999.0000000000001,393
954.6000000000003,393
954.6000000000003,393
954.6000000000003,393
932.4000000000002,393
899.1,393
932.4000000000002,393
888.0000000000001,393
943.5000000000002,393
832.5000000000001,393
921.3000000000002,393
910.2000000000002,393
843.6,393
521.7000000000002,393
765.9000000000002,393
1176.6000000000001,393
1276.5000000000005,393
1531.8000000000004,393
